point,lat,lon,zone1,hemisphere,zone2,east,north,psf,grid_conv
WAYPOINT,-36.385247,144.290581,55,South,55,256972.653,5969910.478,1.00032776,-1.608046
WAYPOINT,-36.385374,144.290451,55,South,55,256961.385,5969896.059,1.00032782,-1.608128
WAYPOINT,-36.385395,144.290132,55,South,55,256932.831,5969892.925,1.00032799,-1.608318
WAYPOINT,-36.385388,144.290081,55,South,55,256928.233,5969893.573,1.00032802,-1.608348
WAYPOINT,-36.385401,144.290061,55,South,55,256926.479,5969892.08,1.00032803,-1.608361
WAYPOINT,-36.385404,144.290073,55,South,55,256927.565,5969891.777,1.00032803,-1.608354
WAYPOINT,-36.385384,144.290058,55,South,55,256926.157,5969893.959,1.00032803,-1.608362
WAYPOINT,-36.385395,144.290036,55,South,55,256924.218,5969892.683,1.00032805,-1.608375
WAYPOINT,-36.385396,144.290035,55,South,55,256924.131,5969892.57,1.00032805,-1.608376
WAYPOINT,-36.385393,144.290032,55,South,55,256923.853,5969892.895,1.00032805,-1.608378
WAYPOINT,-36.385395,144.290022,55,South,55,256922.962,5969892.648,1.00032805,-1.608384
WAYPOINT,-36.385378,144.289964,55,South,55,256917.705,5969894.388,1.00032808,-1.608417
WAYPOINT,-36.385377,144.289965,55,South,55,256917.792,5969894.501,1.00032808,-1.608417
WAYPOINT,-36.385375,144.289962,55,South,55,256917.516,5969894.716,1.00032809,-1.608418
WAYPOINT,-36.38538,144.289952,55,South,55,256916.635,5969894.136,1.00032809,-1.608425
WAYPOINT,-36.385383,144.289934,55,South,55,256915.029,5969893.758,1.0003281,-1.608435
WAYPOINT,-36.385388,144.289932,55,South,55,256914.866,5969893.198,1.0003281,-1.608437
WAYPOINT,-36.385388,144.289922,55,South,55,256913.968,5969893.173,1.00032811,-1.608443
WAYPOINT,-36.385388,144.28992,55,South,55,256913.789,5969893.167,1.00032811,-1.608444
WAYPOINT,-36.38538,144.289909,55,South,55,256912.777,5969894.027,1.00032811,-1.60845
WAYPOINT,-36.385376,144.289907,55,South,55,256912.585,5969894.466,1.00032812,-1.608451
WAYPOINT,-36.385372,144.289909,55,South,55,256912.752,5969894.915,1.00032811,-1.60845
WAYPOINT,-36.385377,144.289931,55,South,55,256914.742,5969894.416,1.0003281,-1.608437
WAYPOINT,-36.385383,144.28991,55,South,55,256912.876,5969893.697,1.00032811,-1.60845
WAYPOINT,-36.385383,144.289878,55,South,55,256910.005,5969893.616,1.00032813,-1.608469
WAYPOINT,-36.385381,144.289878,55,South,55,256909.999,5969893.838,1.00032813,-1.608469
WAYPOINT,-36.385376,144.28987,55,South,55,256909.266,5969894.373,1.00032814,-1.608473
WAYPOINT,-36.385378,144.289869,55,South,55,256909.182,5969894.149,1.00032814,-1.608474
WAYPOINT,-36.385392,144.289864,55,South,55,256908.777,5969892.582,1.00032814,-1.608477
WAYPOINT,-36.385394,144.289858,55,South,55,256908.245,5969892.345,1.00032814,-1.608481
WAYPOINT,-36.385391,144.289861,55,South,55,256908.505,5969892.686,1.00032814,-1.608479
WAYPOINT,-36.385386,144.289857,55,South,55,256908.13,5969893.231,1.00032814,-1.608481
WAYPOINT,-36.38539,144.289843,55,South,55,256906.887,5969892.752,1.00032815,-1.60849
WAYPOINT,-36.385382,144.28987,55,South,55,256909.284,5969893.707,1.00032814,-1.608473
WAYPOINT,-36.385382,144.28987,55,South,55,256909.284,5969893.707,1.00032814,-1.608473
WAYPOINT,-36.385375,144.28987,55,South,55,256909.263,5969894.484,1.00032814,-1.608473
WAYPOINT,-36.385373,144.289862,55,South,55,256908.539,5969894.686,1.00032814,-1.608478
WAYPOINT,-36.38537,144.289858,55,South,55,256908.17,5969895.009,1.00032814,-1.60848
WAYPOINT,-36.385371,144.289862,55,South,55,256908.532,5969894.908,1.00032814,-1.608478
WAYPOINT,-36.385375,144.289857,55,South,55,256908.096,5969894.451,1.00032814,-1.608481
WAYPOINT,-36.385373,144.289853,55,South,55,256907.731,5969894.663,1.00032814,-1.608483
WAYPOINT,-36.385369,144.28986,55,South,55,256908.347,5969895.124,1.00032814,-1.608479
WAYPOINT,-36.385375,144.289842,55,South,55,256906.75,5969894.413,1.00032815,-1.60849
WAYPOINT,-36.385371,144.289842,55,South,55,256906.738,5969894.857,1.00032815,-1.60849
WAYPOINT,-36.385368,144.289843,55,South,55,256906.818,5969895.193,1.00032815,-1.608489
WAYPOINT,-36.385374,144.289839,55,South,55,256906.478,5969894.517,1.00032815,-1.608491
WAYPOINT,-36.385372,144.289839,55,South,55,256906.472,5969894.739,1.00032815,-1.608491
WAYPOINT,-36.385375,144.289833,55,South,55,256905.943,5969894.391,1.00032816,-1.608495
WAYPOINT,-36.385389,144.289805,55,South,55,256903.475,5969892.767,1.00032817,-1.608512
WAYPOINT,-36.385388,144.289801,55,South,55,256903.113,5969892.868,1.00032817,-1.608515
WAYPOINT,-36.385383,144.289798,55,South,55,256902.828,5969893.415,1.00032817,-1.608516
WAYPOINT,-36.3854,144.289802,55,South,55,256903.24,5969891.539,1.00032817,-1.608514
WAYPOINT,-36.385376,144.289803,55,South,55,256903.255,5969894.204,1.00032817,-1.608513
WAYPOINT,-36.385377,144.289802,55,South,55,256903.168,5969894.091,1.00032817,-1.608514
WAYPOINT,-36.385367,144.289798,55,South,55,256902.778,5969895.19,1.00032817,-1.608516
WAYPOINT,-36.385358,144.289799,55,South,55,256902.84,5969896.191,1.00032817,-1.608515
WAYPOINT,-36.385354,144.289792,55,South,55,256902.199,5969896.618,1.00032818,-1.608519
WAYPOINT,-36.385356,144.289769,55,South,55,256900.142,5969896.338,1.00032819,-1.608532
WAYPOINT,-36.385358,144.28977,55,South,55,256900.238,5969896.118,1.00032819,-1.608532
WAYPOINT,-36.385359,144.289769,55,South,55,256900.151,5969896.005,1.00032819,-1.608532
WAYPOINT,-36.38536,144.289755,55,South,55,256898.898,5969895.859,1.0003282,-1.608541
WAYPOINT,-36.385357,144.289736,55,South,55,256897.184,5969896.144,1.00032821,-1.608552
WAYPOINT,-36.385355,144.289738,55,South,55,256897.358,5969896.371,1.00032821,-1.608551
WAYPOINT,-36.38535,144.289738,55,South,55,256897.342,5969896.925,1.00032821,-1.608551
WAYPOINT,-36.385355,144.289732,55,South,55,256896.819,5969896.355,1.00032821,-1.608554
WAYPOINT,-36.385354,144.289733,55,South,55,256896.906,5969896.469,1.00032821,-1.608554
WAYPOINT,-36.385358,144.289729,55,South,55,256896.56,5969896.015,1.00032821,-1.608556
WAYPOINT,-36.385365,144.289711,55,South,55,256894.966,5969895.193,1.00032822,-1.608567
WAYPOINT,-36.385363,144.28971,55,South,55,256894.87,5969895.412,1.00032822,-1.608568
WAYPOINT,-36.385365,144.28971,55,South,55,256894.877,5969895.19,1.00032822,-1.608568
WAYPOINT,-36.38538,144.289691,55,South,55,256893.219,5969893.478,1.00032823,-1.60858
WAYPOINT,-36.385396,144.289713,55,South,55,256895.242,5969891.758,1.00032822,-1.608567
WAYPOINT,-36.385403,144.289697,55,South,55,256893.829,5969890.941,1.00032823,-1.608577
WAYPOINT,-36.385402,144.289692,55,South,55,256893.377,5969891.04,1.00032823,-1.60858
WAYPOINT,-36.385399,144.289681,55,South,55,256892.381,5969891.345,1.00032824,-1.608586
WAYPOINT,-36.385389,144.289683,55,South,55,256892.529,5969892.459,1.00032824,-1.608585
WAYPOINT,-36.385393,144.289681,55,South,55,256892.362,5969892.01,1.00032824,-1.608586
WAYPOINT,-36.385397,144.289676,55,South,55,256891.926,5969891.554,1.00032824,-1.608589
WAYPOINT,-36.38539,144.289664,55,South,55,256890.828,5969892.301,1.00032825,-1.608596
WAYPOINT,-36.385382,144.289666,55,South,55,256890.982,5969893.193,1.00032824,-1.608595
WAYPOINT,-36.385383,144.289666,55,South,55,256890.985,5969893.082,1.00032824,-1.608595
WAYPOINT,-36.38538,144.289658,55,South,55,256890.258,5969893.395,1.00032825,-1.608599
WAYPOINT,-36.385386,144.289655,55,South,55,256890.008,5969892.722,1.00032825,-1.608601
WAYPOINT,-36.385392,144.28965,55,South,55,256889.578,5969892.043,1.00032825,-1.608604
WAYPOINT,-36.385395,144.289652,55,South,55,256889.767,5969891.715,1.00032825,-1.608603
WAYPOINT,-36.385384,144.289649,55,South,55,256889.463,5969892.929,1.00032825,-1.608605
WAYPOINT,-36.385376,144.289649,55,South,55,256889.438,5969893.816,1.00032825,-1.608604
WAYPOINT,-36.385372,144.289647,55,South,55,256889.246,5969894.255,1.00032826,-1.608605
WAYPOINT,-36.385369,144.289632,55,South,55,256887.891,5969894.55,1.00032826,-1.608614
WAYPOINT,-36.38537,144.289616,55,South,55,256886.459,5969894.399,1.00032827,-1.608624
WAYPOINT,-36.385367,144.289615,55,South,55,256886.36,5969894.729,1.00032827,-1.608624
WAYPOINT,-36.385368,144.289619,55,South,55,256886.722,5969894.628,1.00032827,-1.608622
WAYPOINT,-36.385381,144.2896,55,South,55,256885.058,5969893.138,1.00032828,-1.608634
WAYPOINT,-36.385384,144.289599,55,South,55,256884.977,5969892.803,1.00032828,-1.608634
WAYPOINT,-36.385376,144.289582,55,South,55,256883.427,5969893.647,1.00032829,-1.608644
WAYPOINT,-36.385374,144.289591,55,South,55,256884.228,5969893.892,1.00032829,-1.608639
WAYPOINT,-36.385374,144.289589,55,South,55,256884.049,5969893.887,1.00032829,-1.60864
WAYPOINT,-36.385367,144.289586,55,South,55,256883.758,5969894.656,1.00032829,-1.608641
WAYPOINT,-36.385362,144.289584,55,South,55,256883.563,5969895.206,1.00032829,-1.608642
WAYPOINT,-36.385362,144.289585,55,South,55,256883.653,5969895.208,1.00032829,-1.608642
WAYPOINT,-36.385357,144.289583,55,South,55,256883.458,5969895.758,1.00032829,-1.608643
WAYPOINT,-36.385372,144.289576,55,South,55,256882.876,5969894.076,1.00032829,-1.608648
WAYPOINT,-36.385379,144.289569,55,South,55,256882.27,5969893.282,1.0003283,-1.608652
WAYPOINT,-36.385369,144.28956,55,South,55,256881.432,5969894.369,1.0003283,-1.608657
WAYPOINT,-36.385363,144.289557,55,South,55,256881.144,5969895.027,1.0003283,-1.608659
WAYPOINT,-36.385361,144.289555,55,South,55,256880.958,5969895.244,1.0003283,-1.60866
WAYPOINT,-36.385362,144.289555,55,South,55,256880.961,5969895.133,1.0003283,-1.60866
WAYPOINT,-36.385364,144.289549,55,South,55,256880.429,5969894.896,1.00032831,-1.608663
WAYPOINT,-36.385362,144.289548,55,South,55,256880.333,5969895.115,1.00032831,-1.608664
WAYPOINT,-36.385345,144.289553,55,South,55,256880.729,5969897.014,1.00032831,-1.60866
WAYPOINT,-36.38534,144.289561,55,South,55,256881.431,5969897.589,1.0003283,-1.608655
WAYPOINT,-36.385331,144.28957,55,South,55,256882.21,5969898.61,1.0003283,-1.60865
WAYPOINT,-36.385339,144.289535,55,South,55,256879.095,5969897.634,1.00032832,-1.608671
WAYPOINT,-36.385346,144.289533,55,South,55,256878.938,5969896.853,1.00032832,-1.608672
WAYPOINT,-36.385365,144.289548,55,South,55,256880.342,5969894.782,1.00032831,-1.608664
WAYPOINT,-36.385371,144.28955,55,South,55,256880.541,5969894.122,1.00032831,-1.608663
WAYPOINT,-36.38538,144.289548,55,South,55,256880.389,5969893.118,1.00032831,-1.608665
WAYPOINT,-36.385383,144.289547,55,South,55,256880.309,5969892.782,1.00032831,-1.608665
WAYPOINT,-36.385383,144.289539,55,South,55,256879.591,5969892.762,1.00032831,-1.60867
WAYPOINT,-36.38538,144.289545,55,South,55,256880.12,5969893.11,1.00032831,-1.608666
WAYPOINT,-36.385375,144.28955,55,South,55,256880.553,5969893.678,1.00032831,-1.608663
WAYPOINT,-36.385374,144.289564,55,South,55,256881.806,5969893.824,1.0003283,-1.608655
WAYPOINT,-36.385365,144.28956,55,South,55,256881.419,5969894.812,1.0003283,-1.608657
WAYPOINT,-36.385366,144.289558,55,South,55,256881.243,5969894.696,1.0003283,-1.608658
WAYPOINT,-36.385369,144.289544,55,South,55,256879.996,5969894.328,1.00032831,-1.608667
WAYPOINT,-36.385374,144.289533,55,South,55,256879.025,5969893.746,1.00032832,-1.608673
WAYPOINT,-36.385376,144.289533,55,South,55,256879.031,5969893.524,1.00032832,-1.608673
WAYPOINT,-36.385397,144.289511,55,South,55,256877.123,5969891.138,1.00032833,-1.608687
WAYPOINT,-36.385399,144.289532,55,South,55,256879.013,5969890.969,1.00032832,-1.608675
WAYPOINT,-36.385397,144.289541,55,South,55,256879.814,5969891.214,1.00032831,-1.608669
WAYPOINT,-36.385394,144.28951,55,South,55,256877.024,5969891.469,1.00032833,-1.608688
WAYPOINT,-36.3854,144.289495,55,South,55,256875.697,5969890.765,1.00032834,-1.608697
WAYPOINT,-36.385393,144.289496,55,South,55,256875.764,5969891.544,1.00032834,-1.608696
WAYPOINT,-36.385383,144.289501,55,South,55,256876.182,5969892.667,1.00032833,-1.608693
WAYPOINT,-36.385378,144.289501,55,South,55,256876.166,5969893.221,1.00032833,-1.608692
WAYPOINT,-36.385351,144.289509,55,South,55,256876.8,5969896.237,1.00032833,-1.608687
WAYPOINT,-36.385332,144.289483,55,South,55,256874.408,5969898.28,1.00032834,-1.608701
WAYPOINT,-36.385337,144.289474,55,South,55,256873.616,5969897.703,1.00032835,-1.608707
WAYPOINT,-36.385343,144.289464,55,South,55,256872.738,5969897.012,1.00032835,-1.608713
WAYPOINT,-36.385342,144.28945,55,South,55,256871.479,5969897.087,1.00032836,-1.608721
WAYPOINT,-36.385347,144.289429,55,South,55,256869.61,5969896.48,1.00032837,-1.608734
WAYPOINT,-36.385356,144.289442,55,South,55,256870.804,5969895.514,1.00032837,-1.608727
WAYPOINT,-36.385364,144.289444,55,South,55,256871.009,5969894.631,1.00032836,-1.608726
WAYPOINT,-36.385368,144.289441,55,South,55,256870.752,5969894.18,1.00032837,-1.608728
WAYPOINT,-36.385383,144.289443,55,South,55,256870.978,5969892.52,1.00032836,-1.608727
WAYPOINT,-36.385395,144.289436,55,South,55,256870.388,5969891.171,1.00032837,-1.608732
WAYPOINT,-36.385404,144.289427,55,South,55,256869.608,5969890.15,1.00032837,-1.608737
WAYPOINT,-36.385405,144.289422,55,South,55,256869.163,5969890.026,1.00032838,-1.60874
WAYPOINT,-36.385406,144.289417,55,South,55,256868.717,5969889.903,1.00032838,-1.608743
WAYPOINT,-36.385383,144.289391,55,South,55,256866.313,5969892.389,1.00032839,-1.608758
WAYPOINT,-36.385371,144.2894,55,South,55,256867.083,5969893.744,1.00032839,-1.608752
WAYPOINT,-36.385371,144.289412,55,South,55,256868.16,5969893.774,1.00032838,-1.608745
WAYPOINT,-36.385384,144.289347,55,South,55,256862.369,5969892.168,1.00032842,-1.608784
WAYPOINT,-36.385385,144.289348,55,South,55,256862.461,5969892.059,1.00032842,-1.608784
WAYPOINT,-36.38536,144.289352,55,South,55,256862.742,5969894.843,1.00032841,-1.60878
WAYPOINT,-36.38538,144.28933,55,South,55,256860.831,5969892.569,1.00032843,-1.608794
WAYPOINT,-36.385374,144.289308,55,South,55,256858.839,5969893.179,1.00032844,-1.608807
WAYPOINT,-36.385372,144.289291,55,South,55,256857.307,5969893.358,1.00032845,-1.608817
WAYPOINT,-36.38538,144.289284,55,South,55,256856.704,5969892.453,1.00032845,-1.608821
WAYPOINT,-36.38539,144.289275,55,South,55,256855.928,5969891.32,1.00032845,-1.608827
WAYPOINT,-36.385394,144.289251,55,South,55,256853.787,5969890.816,1.00032847,-1.608842
WAYPOINT,-36.385391,144.289253,55,South,55,256853.957,5969891.154,1.00032847,-1.60884
WAYPOINT,-36.385383,144.289249,55,South,55,256853.573,5969892.032,1.00032847,-1.608842
WAYPOINT,-36.385388,144.28925,55,South,55,256853.679,5969891.479,1.00032847,-1.608842
WAYPOINT,-36.385381,144.289208,55,South,55,256849.889,5969892.15,1.00032849,-1.608867
WAYPOINT,-36.385373,144.289201,55,South,55,256849.236,5969893.02,1.00032849,-1.60887
WAYPOINT,-36.38537,144.289207,55,South,55,256849.765,5969893.368,1.00032849,-1.608867
WAYPOINT,-36.385365,144.289214,55,South,55,256850.377,5969893.941,1.00032849,-1.608862
WAYPOINT,-36.385364,144.289209,55,South,55,256849.925,5969894.039,1.00032849,-1.608865
WAYPOINT,-36.38537,144.289204,55,South,55,256849.495,5969893.361,1.00032849,-1.608869
WAYPOINT,-36.385384,144.289212,55,South,55,256850.257,5969891.827,1.00032849,-1.608864
WAYPOINT,-36.385387,144.289209,55,South,55,256849.997,5969891.487,1.00032849,-1.608866
WAYPOINT,-36.385387,144.289208,55,South,55,256849.907,5969891.485,1.00032849,-1.608867
WAYPOINT,-36.385388,144.289205,55,South,55,256849.641,5969891.366,1.00032849,-1.608869
WAYPOINT,-36.385384,144.289207,55,South,55,256849.808,5969891.815,1.00032849,-1.608867
WAYPOINT,-36.385366,144.289202,55,South,55,256849.304,5969893.799,1.00032849,-1.60887
WAYPOINT,-36.385368,144.289192,55,South,55,256848.413,5969893.552,1.0003285,-1.608876
WAYPOINT,-36.385345,144.289187,55,South,55,256847.892,5969896.092,1.0003285,-1.608878
WAYPOINT,-36.385298,144.289191,55,South,55,256848.105,5969901.317,1.0003285,-1.608874
WAYPOINT,-36.385293,144.289195,55,South,55,256848.448,5969901.882,1.0003285,-1.608871
WAYPOINT,-36.385325,144.289144,55,South,55,256843.972,5969898.203,1.00032853,-1.608902
WAYPOINT,-36.385356,144.289149,55,South,55,256844.517,5969894.776,1.00032852,-1.608901
WAYPOINT,-36.38536,144.289159,55,South,55,256845.427,5969894.357,1.00032852,-1.608895
WAYPOINT,-36.38536,144.289171,55,South,55,256846.504,5969894.387,1.00032851,-1.608888
WAYPOINT,-36.385358,144.289179,55,South,55,256847.215,5969894.629,1.00032851,-1.608883
WAYPOINT,-36.385375,144.289193,55,South,55,256848.524,5969892.778,1.0003285,-1.608875
WAYPOINT,-36.385382,144.28919,55,South,55,256848.277,5969891.994,1.0003285,-1.608877
WAYPOINT,-36.385385,144.289181,55,South,55,256847.479,5969891.638,1.00032851,-1.608883
WAYPOINT,-36.385367,144.289152,55,South,55,256844.821,5969893.562,1.00032852,-1.608899
WAYPOINT,-36.385364,144.289148,55,South,55,256844.453,5969893.885,1.00032852,-1.608902
WAYPOINT,-36.385362,144.289144,55,South,55,256844.087,5969894.097,1.00032853,-1.608904
WAYPOINT,-36.385374,144.289095,55,South,55,256839.729,5969892.642,1.00032855,-1.608933
WAYPOINT,-36.385378,144.289082,55,South,55,256838.575,5969892.166,1.00032856,-1.608941
WAYPOINT,-36.385395,144.28907,55,South,55,256837.551,5969890.249,1.00032856,-1.608949
WAYPOINT,-36.385356,144.28902,55,South,55,256832.944,5969894.45,1.00032859,-1.608977
WAYPOINT,-36.385351,144.289006,55,South,55,256831.672,5969894.97,1.0003286,-1.608985
WAYPOINT,-36.385335,144.288998,55,South,55,256830.905,5969896.725,1.0003286,-1.60899
WAYPOINT,-36.385326,144.288993,55,South,55,256830.428,5969897.711,1.00032861,-1.608992
WAYPOINT,-36.385319,144.288993,55,South,55,256830.406,5969898.488,1.00032861,-1.608992
WAYPOINT,-36.385315,144.288991,55,South,55,256830.214,5969898.927,1.00032861,-1.608993
WAYPOINT,-36.385313,144.288984,55,South,55,256829.58,5969899.131,1.00032861,-1.608997
WAYPOINT,-36.38531,144.288984,55,South,55,256829.571,5969899.464,1.00032861,-1.608997
WAYPOINT,-36.385309,144.28898,55,South,55,256829.209,5969899.565,1.00032861,-1.608999
WAYPOINT,-36.385302,144.288943,55,South,55,256825.867,5969900.248,1.00032863,-1.609021
WAYPOINT,-36.385355,144.288973,55,South,55,256828.724,5969894.443,1.00032862,-1.609005
WAYPOINT,-36.385355,144.288977,55,South,55,256829.083,5969894.453,1.00032862,-1.609003
WAYPOINT,-36.385355,144.288994,55,South,55,256830.608,5969894.496,1.00032861,-1.608993
WAYPOINT,-36.385378,144.289032,55,South,55,256834.089,5969892.04,1.00032859,-1.608971
WAYPOINT,-36.385379,144.289048,55,South,55,256835.528,5969891.969,1.00032858,-1.608962
WAYPOINT,-36.385373,144.289067,55,South,55,256837.214,5969892.683,1.00032857,-1.60895
WAYPOINT,-36.385393,144.28893,55,South,55,256824.985,5969890.118,1.00032864,-1.609032
WAYPOINT,-36.385377,144.288913,55,South,55,256823.41,5969891.851,1.00032865,-1.609042
WAYPOINT,-36.385359,144.288939,55,South,55,256825.686,5969893.913,1.00032864,-1.609026
WAYPOINT,-36.38537,144.288999,55,South,55,256831.103,5969892.844,1.0003286,-1.60899
WAYPOINT,-36.38537,144.28901,55,South,55,256832.09,5969892.872,1.0003286,-1.608984
WAYPOINT,-36.385368,144.288956,55,South,55,256827.239,5969892.958,1.00032863,-1.609016
WAYPOINT,-36.385373,144.288938,55,South,55,256825.64,5969892.357,1.00032864,-1.609027
WAYPOINT,-36.385398,144.288918,55,South,55,256823.924,5969889.533,1.00032865,-1.60904
WAYPOINT,-36.385408,144.288908,55,South,55,256823.058,5969888.398,1.00032865,-1.609046
WAYPOINT,-36.385403,144.288899,55,South,55,256822.235,5969888.93,1.00032866,-1.609051
WAYPOINT,-36.385406,144.288891,55,South,55,256821.526,5969888.577,1.00032866,-1.609056
WAYPOINT,-36.38541,144.288877,55,South,55,256820.283,5969888.098,1.00032867,-1.609064
WAYPOINT,-36.385413,144.28887,55,South,55,256819.664,5969887.748,1.00032867,-1.609069
WAYPOINT,-36.3854,144.288872,55,South,55,256819.803,5969889.195,1.00032867,-1.609067
WAYPOINT,-36.385413,144.288747,55,South,55,256808.629,5969887.438,1.00032874,-1.609142
WAYPOINT,-36.385361,144.288713,55,South,55,256805.416,5969893.122,1.00032876,-1.60916
WAYPOINT,-36.385334,144.28869,55,South,55,256803.269,5969896.06,1.00032877,-1.609173
WAYPOINT,-36.385363,144.288651,55,South,55,256799.86,5969892.744,1.00032879,-1.609197
WAYPOINT,-36.385363,144.288649,55,South,55,256799.681,5969892.739,1.00032879,-1.609198
WAYPOINT,-36.385371,144.288648,55,South,55,256799.616,5969891.849,1.00032879,-1.609199
WAYPOINT,-36.385378,144.288646,55,South,55,256799.458,5969891.067,1.00032879,-1.6092
WAYPOINT,-36.385372,144.288646,55,South,55,256799.44,5969891.732,1.00032879,-1.6092
WAYPOINT,-36.385369,144.288646,55,South,55,256799.43,5969892.065,1.00032879,-1.6092
WAYPOINT,-36.385358,144.288653,55,South,55,256800.024,5969893.304,1.00032879,-1.609195
WAYPOINT,-36.385354,144.288648,55,South,55,256799.563,5969893.735,1.00032879,-1.609198
WAYPOINT,-36.385337,144.288631,55,South,55,256797.985,5969895.578,1.0003288,-1.609208
WAYPOINT,-36.385333,144.288626,55,South,55,256797.524,5969896.009,1.0003288,-1.609211
WAYPOINT,-36.385326,144.288616,55,South,55,256796.605,5969896.761,1.00032881,-1.609216
WAYPOINT,-36.385331,144.288603,55,South,55,256795.454,5969896.173,1.00032882,-1.609224
WAYPOINT,-36.385333,144.288594,55,South,55,256794.653,5969895.929,1.00032882,-1.60923
WAYPOINT,-36.385328,144.288582,55,South,55,256793.56,5969896.453,1.00032883,-1.609236
WAYPOINT,-36.385317,144.288577,55,South,55,256793.078,5969897.661,1.00032883,-1.609239
WAYPOINT,-36.385306,144.288589,55,South,55,256794.12,5969898.912,1.00032883,-1.609231
WAYPOINT,-36.385301,144.288596,55,South,55,256794.732,5969899.485,1.00032882,-1.609227
WAYPOINT,-36.385303,144.288609,55,South,55,256795.905,5969899.295,1.00032881,-1.609219
WAYPOINT,-36.385301,144.288626,55,South,55,256797.424,5969899.56,1.00032881,-1.609209
WAYPOINT,-36.385303,144.28864,55,South,55,256798.686,5969899.373,1.0003288,-1.609201
WAYPOINT,-36.385308,144.288641,55,South,55,256798.791,5969898.821,1.0003288,-1.609201
WAYPOINT,-36.385307,144.288643,55,South,55,256798.968,5969898.937,1.0003288,-1.609199
WAYPOINT,-36.385313,144.288605,55,South,55,256795.577,5969898.176,1.00032882,-1.609222
WAYPOINT,-36.385324,144.288587,55,South,55,256793.997,5969896.91,1.00032883,-1.609233
WAYPOINT,-36.385349,144.28856,55,South,55,256791.652,5969894.068,1.00032884,-1.60925
WAYPOINT,-36.385361,144.288553,55,South,55,256791.062,5969892.719,1.00032884,-1.609255
WAYPOINT,-36.385372,144.288545,55,South,55,256790.378,5969891.478,1.00032885,-1.60926
WAYPOINT,-36.385372,144.288541,55,South,55,256790.019,5969891.468,1.00032885,-1.609263
WAYPOINT,-36.385373,144.288532,55,South,55,256789.215,5969891.334,1.00032885,-1.609268
WAYPOINT,-36.385369,144.288526,55,South,55,256788.664,5969891.763,1.00032886,-1.609271
WAYPOINT,-36.38535,144.2887,55,South,55,256804.216,5969894.31,1.00032876,-1.609167
WAYPOINT,-36.385345,144.288691,55,South,55,256803.393,5969894.842,1.00032877,-1.609172
WAYPOINT,-36.385359,144.288527,55,South,55,256788.723,5969892.875,1.00032886,-1.60927
WAYPOINT,-36.385358,144.288529,55,South,55,256788.899,5969892.991,1.00032886,-1.609269
WAYPOINT,-36.385352,144.288523,55,South,55,256788.342,5969893.642,1.00032886,-1.609272
WAYPOINT,-36.385349,144.288526,55,South,55,256788.602,5969893.982,1.00032886,-1.609271
WAYPOINT,-36.385343,144.288527,55,South,55,256788.673,5969894.65,1.00032886,-1.60927
WAYPOINT,-36.385339,144.288526,55,South,55,256788.571,5969895.092,1.00032886,-1.60927
WAYPOINT,-36.385336,144.28853,55,South,55,256788.92,5969895.435,1.00032886,-1.609268
WAYPOINT,-36.385344,144.28851,55,South,55,256787.151,5969894.497,1.00032887,-1.60928
WAYPOINT,-36.385344,144.28851,55,South,55,256787.151,5969894.497,1.00032887,-1.60928
WAYPOINT,-36.385325,144.288509,55,South,55,256787.002,5969896.602,1.00032887,-1.60928
WAYPOINT,-36.385319,144.288507,55,South,55,256786.804,5969897.263,1.00032887,-1.609281
WAYPOINT,-36.385346,144.2885,55,South,55,256786.26,5969894.249,1.00032887,-1.609286
WAYPOINT,-36.385351,144.288503,55,South,55,256786.544,5969893.702,1.00032887,-1.609284
WAYPOINT,-36.385375,144.288506,55,South,55,256786.889,5969891.047,1.00032887,-1.609283
WAYPOINT,-36.385386,144.288501,55,South,55,256786.474,5969889.814,1.00032887,-1.609287
WAYPOINT,-36.385398,144.288471,55,South,55,256783.82,5969888.406,1.00032889,-1.609305
WAYPOINT,-36.385403,144.288467,55,South,55,256783.477,5969887.842,1.00032889,-1.609308
WAYPOINT,-36.385401,144.288455,55,South,55,256782.394,5969888.033,1.0003289,-1.609315
WAYPOINT,-36.385397,144.288437,55,South,55,256780.767,5969888.432,1.00032891,-1.609325
WAYPOINT,-36.385385,144.28844,55,South,55,256780.998,5969889.771,1.0003289,-1.609323
WAYPOINT,-36.385373,144.288447,55,South,55,256781.589,5969891.12,1.0003289,-1.609318
WAYPOINT,-36.385378,144.28844,55,South,55,256780.976,5969890.548,1.0003289,-1.609323
WAYPOINT,-36.385384,144.288418,55,South,55,256779.022,5969889.826,1.00032892,-1.609336
WAYPOINT,-36.385383,144.288404,55,South,55,256777.762,5969889.902,1.00032892,-1.609344
WAYPOINT,-36.385383,144.288393,55,South,55,256776.775,5969889.874,1.00032893,-1.609351
WAYPOINT,-36.385359,144.288394,55,South,55,256776.79,5969892.54,1.00032893,-1.609349
WAYPOINT,-36.38539,144.288376,55,South,55,256775.272,5969889.055,1.00032894,-1.609361
WAYPOINT,-36.38539,144.288398,55,South,55,256777.246,5969889.11,1.00032893,-1.609348
WAYPOINT,-36.385388,144.288383,55,South,55,256775.894,5969889.294,1.00032893,-1.609357
WAYPOINT,-36.385368,144.287846,55,South,55,256727.653,5969890.16,1.00032922,-1.609675
WAYPOINT,-36.385385,144.287745,55,South,55,256718.645,5969888.019,1.00032928,-1.609736
WAYPOINT,-36.385367,144.287662,55,South,55,256711.142,5969889.807,1.00032932,-1.609785
WAYPOINT,-36.385372,144.287663,55,South,55,256711.248,5969889.254,1.00032932,-1.609784
WAYPOINT,-36.385373,144.287661,55,South,55,256711.071,5969889.139,1.00032932,-1.609785
WAYPOINT,-36.385361,144.287641,55,South,55,256709.24,5969890.419,1.00032933,-1.609797
WAYPOINT,-36.385355,144.287642,55,South,55,256709.311,5969891.088,1.00032933,-1.609796
WAYPOINT,-36.385342,144.287643,55,South,55,256709.36,5969892.533,1.00032933,-1.609795
WAYPOINT,-36.385327,144.287648,55,South,55,256709.762,5969894.21,1.00032933,-1.609791
WAYPOINT,-36.38532,144.28765,55,South,55,256709.919,5969894.991,1.00032933,-1.60979
WAYPOINT,-36.38531,144.287622,55,South,55,256707.376,5969896.031,1.00032935,-1.609806
WAYPOINT,-36.385321,144.287621,55,South,55,256707.321,5969894.808,1.00032935,-1.609807
WAYPOINT,-36.385331,144.287606,55,South,55,256706.006,5969893.66,1.00032935,-1.609816
WAYPOINT,-36.385364,144.287603,55,South,55,256705.84,5969889.991,1.00032935,-1.609819
WAYPOINT,-36.385384,144.287614,55,South,55,256706.889,5969887.799,1.00032935,-1.609814
WAYPOINT,-36.38539,144.287633,55,South,55,256708.612,5969887.182,1.00032934,-1.609803
WAYPOINT,-36.385389,144.287605,55,South,55,256706.097,5969887.222,1.00032935,-1.609819
WAYPOINT,-36.385381,144.287586,55,South,55,256704.367,5969888.062,1.00032936,-1.60983
WAYPOINT,-36.385381,144.287571,55,South,55,256703.022,5969888.024,1.00032937,-1.609839
WAYPOINT,-36.385382,144.28755,55,South,55,256701.141,5969887.86,1.00032938,-1.609852
WAYPOINT,-36.3854,144.287551,55,South,55,256701.287,5969885.865,1.00032938,-1.609852
WAYPOINT,-36.385316,144.287472,55,South,55,256693.937,5969894.987,1.00032943,-1.609895
WAYPOINT,-36.385269,144.287511,55,South,55,256697.289,5969900.3,1.00032941,-1.60987
WAYPOINT,-36.385271,144.28753,55,South,55,256699,5969900.126,1.0003294,-1.609859
WAYPOINT,-36.385283,144.287543,55,South,55,256700.204,5969898.827,1.00032939,-1.609852
WAYPOINT,-36.385295,144.287561,55,South,55,256701.856,5969897.541,1.00032938,-1.609842
WAYPOINT,-36.385291,144.287561,55,South,55,256701.844,5969897.985,1.00032938,-1.609842
WAYPOINT,-36.385291,144.287563,55,South,55,256702.023,5969897.99,1.00032938,-1.60984
WAYPOINT,-36.385321,144.287594,55,South,55,256704.898,5969894.739,1.00032936,-1.609823
WAYPOINT,-36.385326,144.287587,55,South,55,256704.286,5969894.167,1.00032936,-1.609828
WAYPOINT,-36.385329,144.287584,55,South,55,256704.026,5969893.827,1.00032937,-1.609829
WAYPOINT,-36.385339,144.287582,55,South,55,256703.878,5969892.712,1.00032937,-1.609831
WAYPOINT,-36.385339,144.287591,55,South,55,256704.685,5969892.735,1.00032936,-1.609826
WAYPOINT,-36.385336,144.28759,55,South,55,256704.586,5969893.065,1.00032936,-1.609826
WAYPOINT,-36.385323,144.287594,55,South,55,256704.904,5969894.518,1.00032936,-1.609823
WAYPOINT,-36.385328,144.287616,55,South,55,256706.894,5969894.018,1.00032935,-1.60981
WAYPOINT,-36.385331,144.287619,55,South,55,256707.172,5969893.693,1.00032935,-1.609809
WAYPOINT,-36.385329,144.287623,55,South,55,256707.525,5969893.925,1.00032934,-1.609806
WAYPOINT,-36.385301,144.288719,55,South,55,256805.768,5969899.795,1.00032876,-1.609154
WAYPOINT,-36.38527,144.289099,55,South,55,256839.764,5969904.192,1.00032855,-1.608927
WAYPOINT,-36.385311,144.289121,55,South,55,256841.865,5969899.698,1.00032854,-1.608916
WAYPOINT,-36.385315,144.289124,55,South,55,256842.147,5969899.262,1.00032854,-1.608914
WAYPOINT,-36.385317,144.289139,55,South,55,256843.499,5969899.078,1.00032853,-1.608905
WAYPOINT,-36.385312,144.289154,55,South,55,256844.829,5969899.67,1.00032852,-1.608896
WAYPOINT,-36.385323,144.289165,55,South,55,256845.85,5969898.478,1.00032852,-1.60889
WAYPOINT,-36.385333,144.289191,55,South,55,256848.214,5969897.433,1.0003285,-1.608875
WAYPOINT,-36.385324,144.289232,55,South,55,256851.864,5969898.535,1.00032848,-1.60885
WAYPOINT,-36.385329,144.289239,55,South,55,256852.508,5969897.998,1.00032848,-1.608846
WAYPOINT,-36.385335,144.289253,55,South,55,256853.783,5969897.368,1.00032847,-1.608838
WAYPOINT,-36.385329,144.289265,55,South,55,256854.84,5969898.064,1.00032846,-1.608831
WAYPOINT,-36.385324,144.289268,55,South,55,256855.094,5969898.626,1.00032846,-1.608829
WAYPOINT,-36.385317,144.289274,55,South,55,256855.611,5969899.418,1.00032846,-1.608825
WAYPOINT,-36.385307,144.289273,55,South,55,256855.49,5969900.525,1.00032846,-1.608825
WAYPOINT,-36.3853,144.289318,55,South,55,256859.505,5969901.415,1.00032843,-1.608798
WAYPOINT,-36.385307,144.289305,55,South,55,256858.361,5969900.606,1.00032844,-1.608806
WAYPOINT,-36.385314,144.28929,55,South,55,256857.037,5969899.791,1.00032845,-1.608815
WAYPOINT,-36.385318,144.28927,55,South,55,256855.255,5969899.297,1.00032846,-1.608827
WAYPOINT,-36.38528,144.289589,55,South,55,256883.756,5969904.317,1.00032829,-1.608636
WAYPOINT,-36.385271,144.289644,55,South,55,256888.663,5969905.454,1.00032826,-1.608603
WAYPOINT,-36.385264,144.289847,55,South,55,256906.853,5969906.742,1.00032815,-1.608483
WAYPOINT,-36.385274,144.290316,55,South,55,256948.962,5969906.814,1.0003279,-1.608204
WAYPOINT,-36.385267,144.290328,55,South,55,256950.016,5969907.621,1.00032789,-1.608197
WAYPOINT,-36.385276,144.290338,55,South,55,256950.942,5969906.648,1.00032789,-1.608191
WAYPOINT,-36.385276,144.290347,55,South,55,256951.749,5969906.671,1.00032788,-1.608186
WAYPOINT,-36.385275,144.290592,55,South,55,256973.727,5969907.399,1.00032775,-1.60804
